"","WTO 1994","AGR","ADP 1994","AIR","VAL 1994","DSU","GATT","GATT 1994","GPA","LIC 1994","TRIPS","PSI","ARO","SG","SPS","GATS","SCM 1994","TBT 1994","ATC","TRIMS","WTO 1994"
"DS1",0,0,0,0,0,0,0,1,0,1,0,0,0,0,0,0,0,0,0,0,0
"DS2",0,0,0,0,0,0,0,1,0,0,0,0,0,0,0,0,0,1,0,0,0
"DS3",0,1,0,0,0,0,0,1,0,0,0,0,0,0,1,0,0,1,0,0,0
"DS4",0,0,0,0,0,0,0,1,0,0,0,0,0,0,0,0,0,1,0,0,0
"DS5",0,1,0,0,0,0,0,1,0,0,0,0,0,0,1,0,0,1,0,0,0
"DS6",0,0,0,0,0,1,0,1,0,0,0,0,0,0,0,0,0,0,0,0,0
"DS7",0,0,0,0,0,0,0,1,0,0,0,0,0,0,0,0,0,1,0,0,0
"DS8",0,0,0,0,0,0,0,1,0,0,0,0,0,0,0,0,0,0,0,0,0
"DS9",0,0,0,0,1,0,0,1,0,0,0,0,0,0,0,0,0,0,0,0,0
"DS10",0,0,0,0,0,0,0,1,0,0,0,0,0,0,0,0,0,0,0,0,0
"DS11",0,0,0,0,0,0,0,1,0,0,0,0,0,0,0,0,0,0,0,0,0
"DS12",0,0,0,0,0,0,0,1,0,0,0,0,0,0,0,0,0,1,0,0,0
"DS13",0,0,0,0,1,0,0,1,0,0,0,0,0,0,0,0,0,0,0,0,0
"DS14",0,0,0,0,0,0,0,1,0,0,0,0,0,0,0,0,0,1,0,0,0
"DS15",0,0,0,0,0,0,0,1,0,0,0,0,0,0,0,0,0,0,0,0,0
"DS16",0,0,0,0,0,0,0,1,0,1,0,0,0,0,0,1,0,0,0,0,0
"DS17",0,0,0,0,1,0,0,1,0,0,0,0,0,0,0,0,0,0,0,0,0
"DS18",0,0,0,0,0,0,0,1,0,0,0,0,0,0,1,0,0,0,0,0,0
"DS19",0,0,0,0,0,0,0,1,0,0,0,0,0,0,0,0,0,0,0,0,0
"DS20",0,0,0,0,0,0,0,1,0,0,0,0,0,0,1,0,0,1,0,0,0
"DS21",0,0,0,0,0,0,0,1,0,0,0,0,0,0,1,0,0,0,0,0,0
"DS22",0,1,0,0,0,0,0,1,0,0,0,0,0,0,0,0,0,0,0,0,0
"DS23",0,0,1,0,0,0,0,1,0,0,0,0,0,0,0,0,0,0,0,0,0
"DS24",0,0,0,0,0,0,0,0,0,0,0,0,0,0,0,0,0,0,1,0,0
"DS25",0,0,0,0,0,0,0,1,0,0,0,0,0,0,0,0,0,0,0,0,0
"DS26",0,1,0,0,0,0,0,1,0,0,0,0,0,0,1,0,0,1,0,0,0
"DS27",0,1,0,0,0,0,0,1,0,1,0,0,0,0,0,1,0,0,0,1,0
"DS28",0,0,0,0,0,0,0,0,0,0,1,0,0,0,0,0,0,0,0,0,0
"DS29",0,0,0,0,0,0,0,1,0,0,0,0,0,0,0,0,0,0,1,0,0
"DS30",0,0,0,0,0,0,0,1,0,0,0,0,0,0,0,0,0,0,0,0,0
"DS31",0,0,0,0,0,0,0,1,0,0,0,0,0,0,0,0,0,0,0,0,0
"DS32",0,0,0,0,0,0,0,0,0,0,0,0,0,0,0,0,0,0,1,0,0
"DS33",0,0,0,0,0,0,0,0,0,0,0,0,0,0,0,0,0,0,1,0,0
"DS34",0,0,0,0,0,0,0,1,0,0,0,0,0,0,0,0,0,0,1,0,0
"DS35",0,1,0,0,0,0,0,0,0,0,0,0,0,0,0,0,0,0,0,0,0
"DS36",0,0,0,0,0,0,0,0,0,0,1,0,0,0,0,0,0,0,0,0,0
"DS37",0,0,0,0,0,0,0,0,0,0,1,0,0,0,0,0,0,0,0,0,0
"DS38",0,0,0,0,0,0,0,1,0,0,0,0,0,0,0,1,0,0,0,0,0
"DS39",0,0,0,0,0,1,0,1,0,0,0,0,0,0,0,0,0,0,0,0,0
"DS40",0,0,0,0,0,0,0,1,0,0,0,0,0,0,0,0,0,0,0,0,0
"DS41",0,1,0,0,0,0,0,1,0,0,0,0,0,0,1,0,0,1,0,0,0
"DS42",0,0,0,0,0,0,0,0,0,0,1,0,0,0,0,0,0,0,0,0,0
"DS43",0,0,0,0,0,0,0,1,0,0,0,0,0,0,0,0,0,0,0,0,0
"DS44",0,0,0,0,0,0,0,1,0,0,0,0,0,0,0,0,0,0,0,0,0
"DS45",0,0,0,0,0,0,0,0,0,0,0,0,0,0,0,1,0,0,0,0,0
"DS46",0,0,0,0,0,0,0,1,0,0,0,0,0,0,0,0,1,0,0,0,0
"DS47",0,0,0,0,0,0,0,1,0,0,0,0,0,0,0,0,0,0,1,0,0
"DS48",0,1,0,0,0,0,0,1,0,0,0,0,0,0,1,0,0,1,0,0,0
"DS49",0,0,1,0,0,0,0,1,0,0,0,0,0,0,0,0,0,0,0,0,0
"DS50",0,0,0,0,0,0,0,0,0,0,1,0,0,0,0,0,0,0,0,0,0
"DS51",0,0,0,0,0,0,0,1,0,0,0,0,0,0,0,0,1,0,0,1,0
"DS52",0,0,0,0,0,0,0,1,0,0,0,0,0,0,0,0,1,0,0,1,0
"DS53",0,0,0,0,0,0,0,1,0,0,0,0,0,0,0,0,0,0,0,0,0
"DS54",0,0,0,0,0,0,0,1,0,0,0,0,0,0,0,0,1,0,0,1,0
"DS55",0,0,0,0,0,0,0,1,0,0,0,0,0,0,0,0,1,0,0,1,0
"DS56",0,0,0,0,1,0,0,1,0,0,0,0,0,0,0,0,0,1,1,0,0
"DS57",0,0,0,0,0,0,0,0,0,0,0,0,0,0,0,0,1,0,0,0,0
"DS58",0,0,0,0,0,0,0,1,0,0,0,0,0,0,0,0,0,0,0,0,0
"DS59",0,0,0,0,0,0,0,1,0,0,1,0,0,0,0,0,1,0,0,1,0
"DS60",0,0,1,0,0,0,0,1,0,0,0,0,0,0,0,0,0,0,0,0,0
"DS61",0,0,0,0,0,0,0,1,0,0,0,0,0,0,0,0,0,1,0,0,0
"DS62",0,0,0,0,0,0,0,1,0,0,0,0,0,0,0,0,0,0,0,0,0
"DS63",0,0,1,0,0,0,0,0,0,0,0,0,0,0,0,0,0,0,0,0,0
"DS64",0,0,0,0,0,0,0,1,0,0,0,0,0,0,0,0,1,0,0,1,0
"DS65",0,0,0,0,0,0,0,1,0,0,0,0,0,0,0,0,1,0,0,1,0
"DS66",0,0,0,0,0,0,0,1,0,0,0,0,0,0,0,0,0,0,0,0,0
"DS67",0,0,0,0,0,0,0,1,0,0,0,0,0,0,0,0,0,0,0,0,0
"DS68",0,0,0,0,0,0,0,1,0,0,0,0,0,0,0,0,0,0,0,0,0
"DS69",0,1,0,0,0,0,0,1,0,1,0,0,0,0,0,0,0,0,0,0,0
"DS70",0,0,0,0,0,0,0,0,0,0,0,0,0,0,0,0,1,0,0,0,0
"DS71",0,0,0,0,0,0,0,0,0,0,0,0,0,0,0,0,1,0,0,0,0
"DS72",0,0,0,0,0,0,0,1,0,1,0,0,0,0,0,0,0,1,0,0,0
"DS73",0,0,0,0,0,0,0,0,1,0,0,0,0,0,0,0,0,0,0,0,0
"DS74",0,1,0,0,0,0,0,1,0,1,0,0,0,0,0,0,0,0,0,1,0
"DS75",0,0,0,0,0,0,0,1,0,0,0,0,0,0,0,0,0,0,0,0,0
"DS76",0,1,0,0,0,0,0,1,0,0,0,0,0,0,1,0,0,0,0,0,0
"DS77",0,0,0,0,0,0,0,1,0,0,0,0,0,0,0,0,0,1,1,0,0
"DS78",0,0,0,0,0,0,0,1,0,0,0,0,0,1,0,0,0,0,0,0,0
"DS79",0,0,0,0,0,0,0,0,0,0,1,0,0,0,0,0,0,0,0,0,0
"DS80",0,0,0,0,0,0,0,0,0,0,0,0,0,0,0,1,0,0,0,0,0
"DS81",0,0,0,0,0,0,0,1,0,0,0,0,0,0,0,0,1,0,0,1,0
"DS82",0,0,0,0,0,0,0,0,0,0,1,0,0,0,0,0,0,0,0,0,0
"DS83",0,0,0,0,0,0,0,0,0,0,1,0,0,0,0,0,0,0,0,0,0
"DS84",0,0,0,0,0,0,0,1,0,0,0,0,0,0,0,0,0,0,0,0,0
"DS85",0,0,0,0,0,0,0,1,0,0,0,0,1,0,0,0,0,1,1,0,0
"DS86",0,0,0,0,0,0,0,0,0,0,1,0,0,0,0,0,0,0,0,0,0
"DS87",0,0,0,0,0,0,0,1,0,0,0,0,0,0,0,0,0,0,0,0,0
"DS88",0,0,0,0,0,0,0,0,1,0,0,0,0,0,0,0,0,0,0,0,0
"DS89",0,0,1,0,0,0,0,1,0,0,0,0,0,0,0,0,0,0,0,0,0
"DS90",0,1,0,0,0,0,0,1,0,1,0,0,0,0,0,0,0,0,0,0,0
"DS91",0,1,0,0,0,0,0,1,0,1,0,0,0,0,0,0,0,0,0,0,0
"DS92",0,1,0,0,0,0,0,1,0,1,0,0,0,0,0,0,0,0,0,0,0
"DS93",0,1,0,0,0,0,0,1,0,1,0,0,0,0,0,0,0,0,0,0,0
"DS94",0,0,0,0,0,0,0,1,0,1,0,0,0,0,0,0,0,0,0,0,0
"DS95",0,0,0,0,0,0,0,0,1,0,0,0,0,0,0,0,0,0,0,0,0
"DS96",0,1,0,0,0,0,0,1,0,1,0,0,0,0,1,0,0,0,0,0,0
"DS97",0,0,0,0,0,0,0,0,0,0,0,0,0,0,0,0,1,0,0,0,0
"DS98",0,0,0,0,0,0,0,1,0,0,0,0,0,1,0,0,0,0,0,0,0
"DS99",0,0,1,0,0,0,0,1,0,0,0,0,0,0,0,0,0,0,0,0,0
"DS100",0,0,0,0,0,0,0,1,0,0,0,0,0,0,1,0,0,1,0,0,0
"DS101",0,0,1,0,0,0,0,0,0,0,0,0,0,0,0,0,0,0,0,0,0
"DS102",0,1,0,0,0,0,0,1,0,1,0,0,0,0,0,0,0,0,0,1,0
"DS103",0,1,0,0,0,0,0,1,0,1,0,0,0,0,0,0,1,0,0,0,0
"DS104",0,1,0,0,0,0,0,0,0,0,0,0,0,0,0,0,1,0,0,0,0
"DS105",0,0,0,0,0,0,0,1,0,1,0,0,0,0,0,1,0,0,0,1,0
"DS106",0,0,0,0,0,0,0,0,0,0,0,0,0,0,0,0,1,0,0,0,0
"DS107",0,0,0,0,0,0,0,1,0,0,0,0,0,0,0,0,0,0,0,0,0
"DS108",0,1,0,0,0,0,0,1,0,0,0,0,0,0,0,0,1,0,0,0,0
"DS109",0,0,0,0,0,0,0,1,0,0,0,0,0,0,0,0,0,0,0,0,0
"DS110",0,0,0,0,0,0,0,1,0,0,0,0,0,0,0,0,0,0,0,0,0
"DS111",0,1,0,0,0,0,0,1,0,1,0,0,1,0,0,0,0,0,0,0,0
"DS112",0,0,0,0,0,0,0,0,0,0,0,0,0,0,0,0,1,0,0,0,0
"DS113",0,1,0,0,0,0,0,1,0,0,0,0,0,0,0,0,0,0,0,0,0
"DS114",0,0,0,0,0,0,0,0,0,0,1,0,0,0,0,0,0,0,0,0,0
"DS115",0,0,0,0,0,0,0,0,0,0,1,0,0,0,0,0,0,0,0,0,0
"DS224",0,0,0,0,0,0,0,1,0,0,1,0,0,0,0,0,0,0,0,1,0
"DS116",0,0,0,0,0,0,0,1,0,1,0,0,0,0,0,0,0,0,0,0,0
"DS117",0,0,0,0,0,0,0,0,0,0,0,0,0,0,0,1,0,0,0,0,0
"DS118",0,0,0,0,0,0,0,1,0,0,0,0,0,0,0,0,0,0,0,0,0
"DS119",0,0,1,0,0,0,0,0,0,0,0,0,0,0,0,0,0,0,0,0,0
"DS120",0,0,0,0,0,0,0,1,0,0,0,0,0,0,0,0,0,0,0,0,0
"DS121",0,0,0,0,0,0,0,1,0,0,0,0,0,1,0,0,0,0,0,0,0
"DS122",0,0,1,0,0,0,0,1,0,0,0,0,0,0,0,0,0,0,0,0,0
"DS123",0,0,0,0,0,0,0,1,0,0,0,0,0,1,0,0,0,0,0,0,0
"DS124",0,0,0,0,0,0,0,0,0,0,1,0,0,0,0,0,0,0,0,0,0
"DS125",0,0,0,0,0,0,0,0,0,0,1,0,0,0,0,0,0,0,0,0,0
"DS126",0,0,0,0,0,0,0,0,0,0,0,0,0,0,0,0,1,0,0,0,0
"DS127",0,0,0,0,0,0,0,0,0,0,0,0,0,0,0,0,1,0,0,0,0
"DS128",0,0,0,0,0,0,0,0,0,0,0,0,0,0,0,0,1,0,0,0,0
"DS129",0,0,0,0,0,0,0,0,0,0,0,0,0,0,0,0,1,0,0,0,0
"DS130",0,0,0,0,0,0,0,0,0,0,0,0,0,0,0,0,1,0,0,0,0
"DS131",0,0,0,0,0,0,0,0,0,0,0,0,0,0,0,0,1,0,0,0,0
"DS132",0,0,1,0,0,0,0,0,0,0,0,0,0,0,0,0,0,0,0,0,0
"DS133",0,0,0,0,0,0,0,1,0,1,0,0,0,0,1,0,0,0,0,0,0
"DS134",0,1,0,0,1,0,0,1,0,1,0,0,0,0,1,0,0,1,0,0,0
"DS135",0,0,0,0,0,0,0,1,0,0,0,0,0,0,1,0,0,1,0,0,0
"DS136",1,0,1,0,0,0,0,1,0,0,0,0,0,0,0,0,0,0,0,0,1
"DS137",0,0,0,0,0,0,0,1,0,0,0,0,0,0,1,0,0,1,0,0,0
"DS138",0,0,0,0,0,0,0,0,0,0,0,0,0,0,0,0,1,0,0,0,0
"DS139",0,0,0,0,0,0,0,1,0,0,0,0,0,0,0,1,1,0,0,1,0
"DS140",0,0,1,0,0,0,0,1,0,0,0,0,0,0,0,0,0,0,0,0,0
"DS141",0,0,1,0,0,0,0,1,0,0,0,0,0,0,0,0,0,0,0,0,0
"DS142",0,0,0,0,0,0,0,1,0,0,0,0,0,0,0,1,1,0,0,1,0
"DS143",0,1,0,0,0,0,0,1,0,0,0,0,0,0,0,0,0,0,0,0,0
"DS144",0,1,0,0,0,0,0,1,0,0,0,0,0,0,1,0,0,1,0,0,0
"DS145",0,0,0,0,0,0,0,0,0,0,0,0,0,0,0,0,1,0,0,0,0
"DS146",0,0,0,0,0,0,0,1,0,0,0,0,0,0,0,0,0,0,0,1,0
"DS147",0,0,0,0,0,0,0,0,0,1,0,0,0,0,0,0,1,0,0,0,0
"DS148",0,1,0,0,0,0,0,1,0,0,0,0,0,0,0,0,0,0,0,0,0
"DS149",0,1,0,0,0,0,0,1,0,1,0,0,0,0,0,0,0,0,0,0,0
"DS150",0,0,0,0,0,0,0,1,0,0,0,0,0,0,0,0,0,0,0,0,0
"DS151",0,0,0,0,0,0,0,1,0,0,0,0,1,0,0,0,0,1,1,0,0
"DS152",0,0,0,0,0,1,0,1,0,0,0,0,0,0,0,0,0,0,0,0,0
"DS153",0,0,0,0,0,0,0,0,0,0,1,0,0,0,0,0,0,0,0,0,0
"DS154",0,0,0,0,0,0,0,1,0,0,0,0,0,0,0,0,0,0,0,0,0
"DS155",0,0,0,0,0,0,0,1,0,0,0,0,0,0,0,0,0,0,0,0,0
"DS156",0,0,1,0,0,0,0,0,0,0,0,0,0,0,0,0,0,0,0,0,0
"DS157",0,0,1,0,0,0,0,0,0,0,0,0,0,0,0,0,0,0,0,0,0
"DS158",0,0,0,0,0,0,0,0,0,1,0,0,0,0,0,0,0,0,0,0,0
"DS159",0,0,0,0,0,0,0,1,0,0,0,0,0,0,0,0,0,0,0,0,0
"DS160",0,0,0,0,0,0,0,0,0,0,1,0,0,0,0,0,0,0,0,0,0
"DS161",0,1,0,0,0,0,0,1,0,1,0,0,0,0,0,0,0,0,0,0,0
"DS162",1,0,1,0,0,0,0,1,0,0,0,0,0,0,0,0,0,0,0,0,1
"DS163",0,0,0,0,0,0,0,0,1,0,0,0,0,0,0,0,0,0,0,0,0
"DS164",0,0,0,0,0,0,0,0,0,0,0,0,0,1,0,0,0,0,0,0,0
"DS165",0,0,0,0,0,1,0,1,0,0,0,0,0,0,0,0,0,0,0,0,0
"DS166",0,1,0,0,0,0,0,1,0,0,0,0,0,1,0,0,0,0,0,0,0
"DS167",0,1,0,0,0,0,0,0,0,0,0,0,0,0,0,0,1,0,0,0,0
"DS168",0,0,1,0,0,0,0,0,0,0,0,0,0,0,0,1,0,0,0,0,0
"DS169",0,1,0,0,0,0,0,1,0,1,0,0,0,0,0,0,0,0,0,0,0
"DS170",0,0,0,0,0,0,0,0,0,0,1,0,0,0,0,0,0,0,0,0,0
"DS171",0,0,0,0,0,0,0,0,0,0,1,0,0,0,0,0,0,0,0,0,0
"DS172",0,0,0,0,0,0,0,1,0,0,0,0,0,0,0,0,1,0,0,0,0
"DS173",0,0,0,0,0,0,0,1,0,0,0,0,0,0,0,0,1,0,0,0,0
"DS174",0,0,0,0,0,0,0,1,0,0,1,0,0,0,0,0,0,0,0,0,0
"DS175",0,0,0,0,0,0,0,1,0,0,0,0,0,0,0,0,0,0,0,1,0
"DS176",0,0,0,0,0,0,0,0,0,0,1,0,0,0,0,0,0,0,0,0,0
"DS177",0,0,0,0,0,0,0,1,0,0,0,0,0,1,0,0,0,0,0,0,0
"DS178",0,0,0,0,0,0,0,1,0,0,0,0,0,1,0,0,0,0,0,0,0
"DS179",0,0,1,0,0,0,0,1,0,0,0,0,0,0,0,0,0,0,0,0,0
"DS180",0,1,0,0,0,0,0,1,0,0,0,0,0,0,0,0,0,0,0,0,0
"DS181",0,0,0,0,0,0,0,0,0,0,0,0,0,0,0,0,0,0,1,0,0
"DS182",0,0,1,0,0,0,0,1,0,0,0,0,0,0,0,0,0,0,0,0,0
"DS183",0,1,0,0,1,0,0,1,0,1,0,0,0,0,0,0,0,0,0,0,0
"DS184",1,0,1,0,0,0,0,1,0,0,0,0,0,0,0,0,0,0,0,0,1
"DS185",0,0,1,0,0,0,0,0,0,0,0,0,0,0,0,0,0,0,0,0,0
"DS186",0,0,0,0,0,0,0,1,0,0,1,0,0,0,0,0,0,0,0,0,0
"DS187",0,0,1,0,0,0,0,0,0,0,0,0,0,0,0,0,0,0,0,0,0
"DS188",0,0,0,0,0,0,0,1,0,0,0,0,0,0,0,1,0,0,0,0,0
"DS189",0,0,1,0,0,0,0,0,0,0,0,0,0,0,0,0,0,0,0,0,0
"DS190",0,0,0,0,0,0,0,0,0,0,0,0,0,0,0,0,0,0,1,0,0
"DS191",0,0,1,0,0,0,0,1,0,0,0,0,0,0,0,0,0,0,0,0,0
"DS192",0,0,0,0,0,0,0,0,0,0,0,0,0,0,0,0,0,0,1,0,0
"DS193",0,0,0,0,0,0,0,1,0,0,0,0,0,0,0,0,0,0,0,0,0
"DS194",1,0,0,0,0,0,0,0,0,0,0,0,0,0,0,0,1,0,0,0,1
"DS195",0,0,0,0,0,0,0,1,0,0,0,0,0,0,0,0,1,0,0,1,0
"DS196",0,0,0,0,0,0,0,0,0,0,1,0,0,0,0,0,0,0,0,0,0
"DS197",0,1,0,0,1,0,0,1,0,1,0,0,0,0,0,0,0,0,1,0,0
"DS198",0,1,0,0,1,0,0,1,0,0,0,0,0,0,0,0,0,0,1,0,0
"DS199",0,0,0,0,0,0,0,1,0,0,1,0,0,0,0,0,0,0,0,0,0
"DS200",1,0,0,0,0,1,0,1,0,0,0,0,0,0,0,0,0,0,0,0,1
"DS201",0,0,0,0,0,0,0,1,0,0,0,0,0,0,0,1,0,0,0,0,0
"DS202",0,0,0,0,0,0,0,1,0,0,0,0,0,1,0,0,0,0,0,0,0
"DS203",0,1,1,0,0,0,0,1,0,0,0,0,0,0,1,0,0,1,0,0,0
"DS204",0,0,0,0,0,0,0,0,0,0,0,0,0,0,0,1,0,0,0,0,0
"DS205",0,0,0,0,0,0,0,1,0,0,0,0,0,0,1,0,0,0,0,0,0
"DS206",1,0,1,0,0,0,0,1,0,0,0,0,0,0,0,0,1,0,0,0,1
"DS207",0,1,0,0,0,0,0,1,0,0,0,0,0,1,0,0,0,0,0,0,0
"DS208",0,0,1,0,0,0,0,1,0,0,0,0,0,0,0,0,0,0,0,0,0
"DS209",0,0,0,0,0,0,0,1,0,0,0,0,0,0,0,0,0,0,0,0,0
"DS210",0,1,0,0,1,0,0,1,0,0,0,0,0,0,0,0,0,1,0,0,0
"DS211",0,0,1,0,0,0,0,1,0,0,0,0,0,0,0,0,0,0,0,0,0
"DS212",1,0,0,0,0,0,0,1,0,0,0,0,0,0,0,0,1,0,0,0,1
"DS213",1,0,0,0,0,0,0,0,0,0,0,0,0,0,0,0,1,0,0,0,1
"DS214",0,0,0,0,0,0,0,1,0,0,0,0,0,1,0,0,0,0,0,0,0
"DS215",0,0,1,0,0,0,0,1,0,0,0,0,0,0,0,0,0,0,0,0,0
"DS216",0,0,1,0,0,0,0,0,0,0,0,0,0,0,0,0,0,0,0,0,0
"DS218",0,0,0,0,0,0,0,0,0,0,0,0,0,0,0,0,1,0,0,0,0
"DS219",0,0,1,0,0,0,0,1,0,0,0,0,0,0,0,0,0,0,0,0,0
"DS220",0,1,0,0,0,0,0,1,0,0,0,0,0,1,0,0,0,0,0,0,0
"DS221",1,0,1,0,0,1,0,1,0,0,0,0,0,0,0,0,1,0,0,0,1
"DS222",0,0,0,0,0,0,0,0,0,0,0,0,0,0,0,0,1,0,0,0,0
"DS223",0,0,0,0,0,0,0,1,0,0,0,0,0,1,0,0,0,0,0,0,0
"DS225",1,0,1,0,0,0,0,0,0,0,0,0,0,0,0,0,0,0,0,0,1
"DS226",0,0,0,0,0,0,0,1,0,0,0,0,0,1,0,0,0,0,0,0,0
"DS227",0,0,0,0,0,0,0,1,0,0,0,0,0,0,0,0,0,0,0,0,0
"DS228",0,0,0,0,0,0,0,1,0,0,0,0,0,1,0,0,0,0,0,0,0
"DS229",1,0,1,0,0,0,0,1,0,0,0,0,0,0,0,0,0,0,0,0,1
"DS230",0,0,0,0,0,0,0,1,0,0,0,0,0,1,0,0,0,0,0,0,0
"DS231",0,0,0,0,0,0,0,1,0,0,0,0,0,0,0,0,0,1,0,0,0
"DS232",0,0,0,0,0,0,0,1,0,1,0,0,0,0,0,0,0,1,0,0,0
"DS233",1,0,0,0,0,0,0,1,0,0,0,0,0,0,0,0,0,1,0,0,1
"DS234",1,0,1,0,0,0,0,1,0,0,0,0,0,0,0,0,1,0,0,0,1
"DS235",0,0,0,0,0,0,0,0,0,0,0,0,0,1,0,0,0,0,0,0,0
"DS236",1,0,0,0,0,0,0,1,0,0,0,0,0,0,0,0,1,0,0,0,1
"DS237",0,1,0,0,0,0,0,1,0,1,0,0,0,0,1,1,0,0,0,0,0
"DS238",0,0,0,0,0,0,0,1,0,0,0,0,0,1,0,0,0,0,0,0,0
"DS239",0,0,1,0,0,0,0,0,0,0,0,0,0,0,0,0,0,0,0,0,0
"DS240",0,0,0,0,0,0,0,1,0,0,0,0,0,0,0,0,0,0,0,0,0
"DS241",0,0,1,0,1,0,0,1,0,0,0,0,0,0,0,0,0,0,0,0,0
"DS242",0,0,0,0,0,0,0,1,0,0,0,0,0,0,0,0,0,0,0,0,0
"DS243",0,0,0,0,0,0,0,0,0,0,0,0,1,0,0,0,0,0,0,0,0
"DS244",1,0,1,0,0,0,0,1,0,0,0,0,0,0,0,0,0,0,0,0,1
"DS245",0,1,0,0,0,0,0,1,0,0,0,0,0,0,1,0,0,0,0,0,0
"DS246",0,0,0,0,0,0,0,1,0,0,0,0,0,0,0,0,0,0,0,0,0
"DS247",0,0,1,0,0,0,0,0,0,0,0,0,0,0,0,0,0,0,0,0,0
"DS248",0,0,0,0,0,0,0,1,0,0,0,0,0,1,0,0,0,0,0,0,0
"DS249",0,0,0,0,0,0,0,1,0,0,0,0,0,1,0,0,0,0,0,0,0
"DS250",0,0,0,0,0,0,0,1,0,0,0,0,0,0,0,0,0,0,0,0,0
"DS251",1,0,0,0,0,0,0,1,0,0,0,0,0,1,0,0,0,0,0,0,1
"DS252",0,0,0,0,0,0,0,1,0,0,0,0,0,1,0,0,0,0,0,0,0
"DS253",0,0,0,0,0,0,0,1,0,0,0,0,0,1,0,0,0,0,0,0,0
"DS254",0,0,0,0,0,0,0,1,0,0,0,0,0,1,0,0,0,0,0,0,0
"DS255",0,0,0,0,0,0,0,1,0,0,0,0,0,0,0,0,0,0,0,0,0
"DS256",0,1,0,0,0,0,0,1,0,0,0,0,0,0,1,0,0,0,0,0,0
"DS257",0,0,0,0,0,0,0,1,0,0,0,0,0,0,0,0,1,0,0,0,0
"DS258",0,0,0,0,0,0,0,1,0,0,0,0,0,1,0,0,0,0,0,0,0
"DS259",1,0,0,0,0,0,0,1,0,0,0,0,0,1,0,0,0,0,0,0,1
"DS260",0,0,0,0,0,0,0,1,0,0,0,0,0,1,0,0,0,0,0,0,0
"DS261",0,0,0,0,0,0,0,1,0,0,0,0,0,0,0,0,0,0,0,0,0
"DS262",1,0,1,0,0,0,0,1,0,0,0,0,0,0,0,0,1,0,0,0,1
"DS263",1,0,0,0,0,0,0,1,0,0,0,0,0,0,0,0,0,1,0,0,1
"DS264",0,0,1,0,0,0,0,1,0,0,0,0,0,0,0,0,0,0,0,0,0
"DS265",0,1,0,0,0,0,0,1,0,0,0,0,0,0,0,0,1,0,0,0,0
"DS266",0,1,0,0,0,0,0,1,0,0,0,0,0,0,0,0,1,0,0,0,0
"DS267",0,1,0,0,0,0,0,1,0,0,0,0,0,0,0,0,1,0,0,0,0
"DS268",1,0,1,0,0,0,0,1,0,0,0,0,0,0,0,0,0,0,0,0,1
"DS269",0,0,0,0,0,0,0,1,0,0,0,0,0,0,0,0,0,0,0,0,0
"DS270",0,0,0,0,0,0,0,1,0,1,0,0,0,0,1,0,0,0,0,0,0
"DS271",0,0,0,0,0,0,0,1,0,0,0,0,0,0,1,0,0,0,0,0,0
"DS272",0,0,1,0,0,0,0,1,0,0,0,0,0,0,0,0,0,0,0,0,0
"DS273",0,0,0,0,0,0,0,0,0,0,0,0,0,0,0,0,1,0,0,0,0
"DS274",0,0,0,0,0,0,0,1,0,0,0,0,0,1,0,0,0,0,0,0,0
"DS275",0,1,0,0,0,0,0,1,0,1,0,0,0,0,0,0,0,0,0,1,0
"DS276",0,0,0,0,0,0,0,1,0,0,0,0,0,0,0,0,0,0,0,1,0
"DS277",0,0,1,0,0,0,0,1,0,0,0,0,0,0,0,0,1,0,0,0,0
"DS278",0,0,0,0,0,0,0,1,0,0,0,0,0,1,0,0,0,0,0,0,0
"DS279",0,1,0,0,0,0,0,1,0,1,0,0,0,0,1,0,0,1,0,0,0
"DS280",0,0,0,0,0,0,0,0,0,0,0,0,0,0,0,0,1,0,0,0,0
"DS281",1,0,1,0,0,0,0,1,0,0,0,0,0,0,0,0,0,0,0,0,1
"DS283",0,1,0,0,0,0,0,1,0,0,0,0,0,0,0,0,1,0,0,0,0
"DS284",0,0,0,0,0,0,0,1,0,1,0,0,0,0,1,0,0,0,0,0,0
"DS285",0,0,0,0,0,0,0,0,0,0,0,0,0,0,0,1,0,0,0,0,0
"DS286",0,0,0,0,0,0,0,1,0,0,0,0,0,0,0,0,0,0,0,0,0
"DS287",0,0,0,0,0,0,0,0,0,0,0,0,0,0,1,0,0,0,0,0,0
"DS288",0,0,1,0,0,0,0,1,0,0,0,0,0,0,0,0,0,0,0,0,0
"DS289",0,1,0,0,0,0,0,1,0,0,0,0,0,0,0,0,0,0,0,0,0
"DS290",1,0,0,0,0,0,0,1,0,0,1,0,0,0,0,0,0,1,0,0,1
"DS291",0,1,0,0,0,0,0,1,0,0,0,0,0,0,1,0,0,1,0,0,0
"DS293",0,1,0,0,0,0,0,1,0,0,0,0,0,0,1,0,0,1,0,0,0
"DS294",1,0,1,0,0,0,0,1,0,0,0,0,0,0,0,0,0,0,0,0,1
"DS295",0,0,1,0,0,0,0,1,0,0,0,0,0,0,0,0,1,0,0,0,0
"DS296",0,0,0,0,0,0,0,1,0,0,0,0,0,0,0,0,1,0,0,0,0
"DS297",0,0,0,0,0,0,0,1,0,0,0,0,0,0,1,0,0,0,0,0,0
"DS298",1,1,0,0,1,0,1,1,0,0,0,0,0,0,0,0,0,0,0,0,1
"DS299",0,0,0,0,0,0,0,1,0,0,0,0,0,0,0,0,1,0,0,0,0
"DS300",0,0,0,0,0,0,0,1,0,0,0,0,0,0,0,0,0,0,0,0,0
"DS301",0,0,0,0,0,1,0,1,0,0,0,0,0,0,0,0,1,0,0,0,0
"DS302",0,0,0,0,0,0,0,1,0,0,0,0,0,0,0,0,0,0,0,0,0
"DS303",0,0,0,0,0,0,0,1,0,0,0,0,0,1,0,0,0,0,0,0,0
"DS304",0,0,1,0,0,0,0,1,0,0,0,0,0,0,0,0,0,0,0,0,0
"DS305",0,0,0,0,0,0,0,1,0,0,0,0,0,0,0,0,0,0,1,0,0
"DS306",0,0,1,0,0,0,0,1,0,0,0,0,0,0,0,0,0,0,0,0,0
"DS307",0,0,0,0,0,0,0,1,0,0,0,0,0,0,0,0,1,0,0,0,0
"DS308",0,0,0,0,0,0,0,1,0,0,0,0,0,0,0,0,0,0,0,0,0
"DS309",0,0,0,0,0,0,0,1,0,0,0,0,0,0,0,1,0,0,0,0,0
"DS310",0,0,1,0,0,0,0,1,0,0,0,0,0,0,0,0,1,0,0,0,0
"DS311",0,0,0,0,0,0,0,1,0,0,0,0,0,0,0,0,1,0,0,0,0
"DS312",0,0,1,0,0,0,0,1,0,0,0,0,0,0,0,0,0,0,0,0,0
"DS313",0,0,1,0,0,0,0,0,0,0,0,0,0,0,0,0,0,0,0,0,0
"DS314",0,1,0,0,0,0,0,0,0,0,0,0,0,0,0,0,1,0,0,0,0
"DS315",0,0,0,0,0,0,0,1,0,0,0,0,0,0,0,0,0,0,0,0,0
"DS317",0,0,0,0,0,0,0,1,0,0,0,0,0,0,0,0,1,0,0,0,0
"DS318",0,0,1,0,0,0,0,1,0,0,0,0,0,0,0,0,0,0,0,0,0
"DS319",1,0,1,0,0,0,0,1,0,0,0,0,0,0,0,0,0,0,0,0,1
"DS320",0,0,0,0,0,1,0,1,0,0,0,0,0,0,0,0,0,0,0,0,0
"DS321",0,0,0,0,0,1,0,1,0,0,0,0,0,0,0,0,0,0,0,0,0
"DS322",1,0,1,0,0,0,0,1,0,0,0,0,0,0,0,0,0,0,0,0,1
"DS323",0,1,0,0,0,0,0,1,0,1,0,0,0,0,0,0,0,0,0,0,0
"DS324",0,0,1,0,0,0,0,1,0,0,0,0,0,0,0,0,0,0,0,0,0
"DS325",1,0,1,0,0,0,0,1,0,0,0,0,0,0,0,0,0,0,0,0,1
"DS326",0,0,0,0,0,0,0,1,0,0,0,0,0,1,0,0,0,0,0,0,0
"DS327",0,0,1,0,0,0,0,1,0,0,0,0,0,0,0,0,0,0,0,0,0
"DS328",0,0,0,0,0,0,0,1,0,0,0,0,0,1,0,0,0,0,0,0,0
"DS329",0,1,0,0,0,0,0,1,0,0,0,0,0,0,0,0,0,0,0,0,0
"DS330",0,0,0,0,0,0,0,1,0,0,0,0,0,0,0,0,1,0,0,0,0
"DS331",0,0,1,0,0,0,0,1,0,0,0,0,0,0,0,0,0,0,0,0,0
"DS292",0,1,0,0,0,0,0,1,0,0,0,0,0,0,1,0,0,1,0,0,0
"DS316",0,0,0,0,0,0,0,1,0,0,0,0,0,0,0,0,1,0,0,0,0
"DS332",0,0,0,0,0,0,0,1,0,0,0,0,0,0,0,0,0,0,0,0,0
"DS333",0,0,0,0,0,0,0,1,0,0,0,0,0,0,0,0,0,0,0,0,0
"DS334",0,1,0,0,0,0,0,1,0,1,0,0,0,0,0,0,0,0,0,1,0
"DS335",0,0,1,0,0,0,0,1,0,0,0,0,0,0,0,0,0,0,0,0,0
"DS336",0,0,0,0,0,0,0,1,0,0,0,0,0,0,0,0,1,0,0,0,0
"DS337",0,0,1,0,0,0,0,1,0,0,0,0,0,0,0,0,0,0,0,0,0
"DS338",0,0,1,0,0,0,0,1,0,0,0,0,0,0,0,0,1,0,0,0,0
"DS339",1,0,0,0,0,0,0,1,0,0,0,0,0,0,0,0,1,0,0,1,1
"DS340",1,0,0,0,0,0,0,1,0,0,0,0,0,0,0,0,1,0,0,1,1
"DS341",0,1,0,0,0,0,0,1,0,0,0,0,0,0,0,0,1,0,0,0,0
"DS342",1,0,0,0,0,0,0,1,0,0,0,0,1,0,0,0,1,0,0,1,1
"DS343",0,0,1,0,0,0,0,1,0,0,0,0,0,0,0,0,0,0,0,0,0
"DS344",1,0,1,0,0,0,0,1,0,0,0,0,0,0,0,0,0,0,0,0,1
"DS345",1,0,1,0,0,0,0,1,0,0,0,0,0,0,0,0,1,0,0,0,1
"DS346",1,0,1,0,0,0,0,1,0,0,0,0,0,0,0,0,0,0,0,0,1
"DS347",0,0,0,0,0,0,0,1,0,0,0,0,0,0,0,0,1,0,0,0,0
"DS348",0,0,0,0,1,0,0,1,0,0,0,0,0,0,0,0,0,0,0,0,0
"DS349",1,0,0,0,0,0,0,1,0,0,0,0,0,0,0,0,0,0,0,0,1
"DS350",1,0,1,0,0,0,0,1,0,0,0,0,0,0,0,0,0,0,0,0,1
"DS351",0,0,0,0,0,0,0,1,0,0,0,0,0,1,0,0,0,0,0,0,0
"DS352",0,0,0,0,0,0,0,1,0,0,0,0,0,0,0,0,0,0,0,0,0
"DS354",0,0,0,0,0,0,0,1,0,0,0,0,0,0,0,0,1,0,0,0,0
"DS355",1,0,1,0,0,0,0,1,0,0,0,0,0,0,0,0,0,0,0,0,1
"DS356",1,0,0,0,0,0,0,1,0,0,0,0,0,1,0,0,0,0,0,0,1
"DS357",0,1,0,0,0,0,0,1,0,0,0,0,0,0,0,0,1,0,0,0,0
"DS358",1,0,0,0,0,0,0,1,0,0,0,0,0,0,0,0,1,0,0,1,1
"DS359",1,0,0,0,0,0,0,1,0,0,0,0,0,0,0,0,1,0,0,1,1
"DS360",0,0,0,0,0,0,0,1,0,0,0,0,0,0,0,0,0,0,0,0,0
"DS361",0,0,0,0,0,0,0,1,0,0,0,0,0,0,0,0,0,0,0,0,0
"DS362",0,0,0,0,0,0,0,0,0,0,1,0,0,0,0,0,0,0,0,0,0
"DS363",1,0,0,0,0,0,0,1,0,0,0,0,0,0,0,1,0,0,0,0,1
"DS364",0,0,0,0,0,0,0,1,0,0,0,0,0,0,0,0,0,0,0,0,0
"DS365",0,1,0,0,0,0,0,0,0,0,0,0,0,0,0,0,1,0,0,0,0
"DS366",0,0,0,0,1,0,0,1,0,0,0,0,0,0,0,0,0,0,0,0,0
"DS367",0,0,0,0,0,0,0,0,0,0,0,0,0,0,1,0,0,0,0,0,0
"DS368",0,0,1,0,0,0,0,1,0,0,0,0,0,0,0,0,1,0,0,0,0
"DS369",0,0,0,0,0,0,0,1,0,0,0,0,0,0,0,0,0,1,0,0,0
"DS370",1,0,0,0,1,0,0,1,0,0,0,0,0,0,0,0,0,0,0,0,1
"DS372",0,0,0,0,0,0,0,0,0,0,1,0,0,0,0,1,0,0,0,0,0
"DS373",1,0,0,0,0,0,0,0,0,0,0,0,0,0,0,1,0,0,0,0,1
"DS374",0,0,1,0,0,0,0,0,0,0,0,0,0,0,0,0,0,0,0,0,0
"DS378",1,0,0,0,0,0,0,0,0,0,0,0,0,0,0,1,0,0,0,0,1
"DS379",1,0,1,0,0,0,0,1,0,0,0,0,0,0,0,0,1,0,0,0,1
"DS380",0,0,0,0,0,0,0,1,0,0,0,0,0,0,0,0,1,0,0,0,0
"DS371",0,0,0,0,1,0,0,1,0,0,0,0,0,0,0,0,0,0,0,0,0
"DS375",0,0,0,0,0,0,0,1,0,0,0,0,0,0,0,0,0,0,0,0,0
"DS376",0,0,0,0,0,0,0,1,0,0,0,0,0,0,0,0,0,0,0,0,0
"DS377",0,0,0,0,0,0,0,1,0,0,0,0,0,0,0,0,0,0,0,0,0
"DS381",0,0,0,0,0,0,0,1,0,0,0,0,0,0,0,0,0,1,0,0,0
"DS382",1,0,1,0,0,0,0,1,0,0,0,0,0,0,0,0,0,0,0,0,1
"DS383",0,0,1,0,0,0,0,1,0,0,0,0,0,0,0,0,0,0,0,0,0
"DS384",0,0,0,0,0,0,0,1,0,0,0,0,1,0,1,0,0,1,0,0,0
"DS385",1,0,1,0,0,0,0,0,0,0,0,0,0,0,0,0,1,0,0,0,1
"DS386",0,0,0,0,0,0,0,1,0,0,0,0,1,0,1,0,0,1,0,0,0
"DS387",1,1,0,0,0,0,0,1,0,0,0,0,0,0,0,0,1,0,0,0,1
"DS388",1,1,0,0,0,0,0,1,0,0,0,0,0,0,0,0,1,0,0,0,1
"DS389",0,1,0,0,0,0,0,1,0,0,0,0,0,0,1,0,0,1,0,0,0
"DS390",1,1,0,0,0,0,0,1,0,0,0,0,0,0,0,0,1,0,0,0,1
"DS391",0,0,0,0,0,0,0,1,0,0,0,0,0,0,1,0,0,0,0,0,0
"DS392",0,1,0,0,0,0,0,1,0,0,0,0,0,0,1,0,0,0,0,0,0
"DS393",1,0,1,0,0,0,0,1,0,0,0,0,0,0,0,0,0,0,0,0,1
"DS394",1,0,0,0,0,0,0,1,0,0,0,0,0,0,0,0,0,0,0,0,1
"DS395",1,0,0,0,0,0,0,1,0,0,0,0,0,0,0,0,0,0,0,0,1
"DS396",0,0,0,0,0,0,0,1,0,0,0,0,0,0,0,0,0,0,0,0,0
"DS397",1,0,1,0,0,0,0,1,0,0,0,0,0,0,0,0,0,0,0,0,1
"DS398",1,0,0,0,0,0,0,1,0,0,0,0,0,0,0,0,0,0,0,0,1
"DS399",1,0,0,0,0,0,0,1,0,0,0,0,0,0,0,0,0,0,0,0,1
"DS400",0,1,0,0,0,0,0,1,0,0,0,0,0,0,0,0,0,1,0,0,0
"DS401",0,1,0,0,0,0,0,1,0,0,0,0,0,0,0,0,0,1,0,0,0
"DS402",0,0,1,0,0,0,0,1,0,0,0,0,0,0,0,0,0,0,0,0,0
"DS403",0,0,0,0,0,0,0,1,0,0,0,0,0,0,0,0,0,0,0,0,0
"DS404",1,0,1,0,0,0,0,1,0,0,0,0,0,0,0,0,0,0,0,0,1
"DS405",1,0,1,0,0,0,0,1,0,0,0,0,0,0,0,0,0,0,0,0,1
"DS406",0,0,0,0,0,0,0,1,0,0,0,0,0,0,1,0,0,1,0,0,0
"DS407",0,0,1,0,0,0,0,1,0,0,0,0,0,0,0,0,0,0,0,0,0
"DS408",0,0,0,0,0,0,0,1,0,0,1,0,0,0,0,0,0,0,0,0,0
"DS409",1,0,0,0,0,0,0,1,0,0,1,0,0,0,0,0,0,0,0,0,1
"DS410",0,0,1,0,0,0,0,1,0,0,0,0,0,0,0,0,0,0,0,0,0
"DS411",0,0,0,0,0,0,0,1,0,0,0,0,0,0,0,0,0,0,0,0,0
"DS412",0,0,0,0,0,0,0,1,0,0,0,0,0,0,0,0,1,0,0,1,0
"DS413",0,0,0,0,0,0,0,0,0,0,0,0,0,0,0,1,0,0,0,0,0
"DS414",0,0,1,0,0,0,0,1,0,0,0,0,0,0,0,0,1,0,0,0,0
"DS415",0,0,0,0,0,1,0,1,0,0,0,0,0,1,0,0,0,0,0,0,0
"DS416",0,0,0,0,0,1,0,1,0,0,0,0,0,1,0,0,0,0,0,0,0
"DS417",0,0,0,0,0,1,0,1,0,0,0,0,0,1,0,0,0,0,0,0,0
"DS418",0,0,0,0,0,1,0,1,0,0,0,0,0,1,0,0,0,0,0,0,0
"DS419",1,0,0,0,0,0,0,1,0,0,0,0,0,0,0,0,1,0,0,0,1
"DS420",0,0,1,0,0,0,0,1,0,0,0,0,0,0,0,0,0,0,0,0,0
"DS421",0,0,0,0,0,0,0,1,0,0,0,0,0,0,0,0,0,0,0,0,0
"DS422",0,0,1,0,0,0,0,1,0,0,0,0,0,0,0,0,0,0,0,0,0
"DS423",0,0,0,0,0,0,0,1,0,0,0,0,0,0,0,0,0,0,0,0,0
"DS424",0,0,1,0,0,0,0,1,0,0,0,0,0,0,0,0,0,0,0,0,0
"DS425",0,0,1,0,0,0,0,1,0,0,0,0,0,0,0,0,0,0,0,0,0
"DS426",0,0,0,0,0,0,0,1,0,0,0,0,0,0,0,0,1,0,0,1,0
"DS428",0,0,0,0,0,0,0,1,0,0,0,0,0,1,0,0,0,0,0,0,0
"DS429",1,0,1,0,0,1,0,1,0,0,0,0,0,0,0,0,0,0,0,0,1
"DS431",1,0,0,0,0,0,0,1,0,0,0,0,0,0,0,0,0,0,0,0,1
"DS430",0,0,0,0,0,0,0,1,0,0,0,0,0,0,1,0,0,0,0,0,0
"DS521",0,0,1,0,0,0,0,1,0,0,0,0,0,0,0,0,0,0,0,0,0
"DS522",0,0,0,0,0,0,0,0,0,0,0,0,0,0,0,0,1,0,0,0,0
"DS432",1,0,0,0,0,0,0,1,0,0,0,0,0,0,0,0,0,0,0,0,1
"DS433",1,0,0,0,0,0,0,1,0,0,0,0,0,0,0,0,0,0,0,0,1
"DS434",0,0,0,0,0,0,0,1,0,0,1,0,0,0,0,0,0,1,0,0,0
"DS439",0,0,1,0,0,0,0,0,0,0,0,0,0,0,0,0,0,0,0,0,0
"DS440",0,0,1,0,0,0,0,1,0,0,0,0,0,0,0,0,1,0,0,0,0
"DS443",1,0,0,0,0,0,0,1,0,0,0,0,0,0,0,0,0,0,0,1,1
"DS444",0,0,0,0,0,0,0,1,0,1,0,0,0,1,0,0,0,0,0,1,0
"DS445",0,0,0,0,0,0,0,1,0,1,0,0,0,1,0,0,0,0,0,1,0
"DS446",0,1,0,0,0,0,0,1,0,1,0,0,0,1,0,0,0,1,0,1,0
"DS447",1,0,0,0,0,0,0,1,0,0,0,0,0,0,1,0,0,0,0,0,1
"DS448",1,0,0,0,0,0,0,1,0,0,0,0,0,0,1,0,0,0,0,0,1
"DS449",0,0,1,0,0,0,0,1,0,0,0,0,0,0,0,0,1,0,0,0,0
"DS450",1,0,0,0,0,0,0,1,0,0,0,0,0,0,0,0,1,0,0,0,1
"DS451",1,1,0,0,0,0,0,1,0,0,0,0,0,0,0,0,1,0,0,0,1
"DS452",0,0,0,0,0,0,0,1,0,0,0,0,0,0,0,0,1,0,0,1,0
"DS453",0,0,0,0,0,0,0,1,0,0,0,0,0,0,0,1,0,0,0,0,0
"DS454",0,0,1,0,0,0,0,1,0,0,0,0,0,0,0,0,0,0,0,0,0
"DS455",0,1,0,0,0,0,0,1,0,1,0,0,0,0,0,0,0,0,0,0,0
"DS457",0,1,0,0,1,0,0,1,0,0,0,0,0,0,0,0,0,0,0,0,0
"DS459",1,0,0,0,0,0,0,1,0,0,0,0,0,0,0,0,1,1,0,1,1
"DS460",0,0,1,0,0,0,0,1,0,0,0,0,0,0,0,0,0,0,0,0,0
"DS462",0,0,0,0,0,0,0,1,0,0,0,0,0,0,0,0,0,0,0,1,0
"DS463",0,0,0,0,0,0,0,1,0,0,0,0,0,0,0,0,0,1,0,1,0
"DS465",0,1,0,0,0,0,0,1,0,1,0,1,0,0,0,0,0,0,0,0,0
"DS466",0,1,0,0,0,0,0,1,0,1,0,1,0,0,0,0,0,0,0,0,0
"DS468",0,0,0,0,0,0,0,1,0,0,0,0,0,1,0,0,0,0,0,0,0
"DS469",0,0,0,0,0,0,0,1,0,0,0,0,0,0,0,0,0,0,0,0,0
"DS470",0,0,1,0,0,0,0,1,0,0,0,0,0,0,0,0,1,0,0,0,0
"DS472",0,0,0,0,0,0,0,1,0,0,0,0,0,0,0,0,1,0,0,1,0
"DS474",1,0,1,0,0,0,0,1,0,0,0,0,0,0,0,0,1,0,0,0,1
"DS436",1,0,0,0,0,0,0,1,0,0,0,0,0,0,0,0,1,0,0,0,1
"DS437",1,0,0,0,0,0,0,1,0,0,0,0,0,0,0,0,1,0,0,0,1
"DS438",0,1,0,0,0,0,0,1,0,1,0,0,0,1,0,0,0,0,0,1,0
"DS442",0,0,1,0,0,0,0,1,0,0,0,0,0,0,0,0,0,0,0,0,0
"DS456",0,0,0,0,0,0,0,1,0,0,0,0,0,0,0,0,1,0,0,1,0
"DS458",0,0,0,0,0,0,0,1,0,0,1,0,0,0,0,0,0,1,0,0,0
"DS461",0,0,0,0,0,0,0,1,0,0,0,0,0,0,0,0,0,0,0,0,0
"DS464",1,0,1,0,0,0,0,1,0,0,0,0,0,0,0,0,1,0,0,0,1
"DS467",0,0,0,0,0,0,0,1,0,0,1,0,0,0,0,0,0,1,0,0,0
"DS471",0,0,1,0,0,0,0,1,0,0,0,0,0,0,0,0,0,0,0,0,0
"DS473",1,0,1,0,0,0,0,1,0,0,0,0,0,0,0,0,0,0,0,0,1
"DS475",0,0,0,0,0,0,0,1,0,0,0,0,0,0,1,0,0,0,0,0,0
"DS476",1,0,0,0,0,0,0,1,0,0,0,0,0,0,0,1,1,0,0,1,1
"DS477",0,1,0,0,0,0,0,1,0,1,0,1,0,0,0,0,0,0,0,0,0
"DS478",0,1,0,0,0,0,0,1,0,1,0,1,0,0,0,0,0,0,0,0,0
"DS481",0,0,0,0,0,0,0,0,0,0,0,0,0,0,0,0,0,0,0,0,0
"DS489",0,0,0,0,0,0,0,0,0,0,0,0,0,0,0,0,1,0,0,0,0
"DS490",0,0,0,0,0,0,0,1,0,0,0,0,0,1,0,0,0,0,0,0,0
"DS491",0,0,1,0,0,0,0,0,0,0,0,0,0,0,0,0,1,0,0,0,0
"DS496",0,0,0,0,0,0,0,1,0,0,0,0,0,1,0,0,0,0,0,0,0
"DS497",0,0,0,0,0,0,0,1,0,0,0,0,0,0,0,0,1,0,0,1,0
"DS498",0,0,1,0,0,0,0,1,0,0,0,0,0,0,0,0,0,0,0,0,0
"DS500",0,0,1,0,0,0,0,1,0,0,0,0,0,0,0,0,0,0,0,0,0
"DS501",1,0,0,0,0,0,0,1,0,0,0,0,0,0,0,0,0,0,0,0,1
"DS503",0,0,0,0,0,0,0,0,0,0,0,0,0,0,0,1,0,0,0,0,0
"DS506",0,1,0,0,0,0,0,1,0,1,0,0,0,0,1,0,0,1,0,0,0
"DS507",0,1,0,0,0,0,0,0,0,0,0,0,0,0,0,0,1,0,0,0,0
"DS217",1,0,1,0,0,0,0,1,0,0,0,0,0,0,0,0,1,0,0,0,1
"DS282",1,0,1,0,0,0,0,1,0,0,0,0,0,0,0,0,0,0,0,0,1
"DS353",0,0,0,0,0,1,0,1,0,0,0,0,0,0,0,0,1,0,0,0,0
"DS427",0,0,1,0,0,0,0,1,0,0,0,0,0,0,0,0,1,0,0,0,0
"DS435",0,0,0,0,0,0,0,1,0,0,1,0,0,0,0,0,0,1,0,0,0
"DS441",0,0,0,0,0,0,0,1,0,0,1,0,0,0,0,0,0,1,0,0,0
"DS479",0,0,1,0,0,0,0,1,0,0,0,0,0,0,0,0,0,0,0,0,0
"DS480",1,0,1,0,0,0,0,1,0,0,0,0,0,0,0,0,0,0,0,0,1
"DS482",0,0,1,0,0,0,0,1,0,0,0,0,0,0,0,0,0,0,0,0,0
"DS483",0,0,1,0,0,0,0,1,0,0,0,0,0,0,0,0,0,0,0,0,0
"DS484",0,1,0,0,0,0,0,1,0,1,0,1,0,0,1,0,0,1,0,0,0
"DS485",0,0,0,0,1,0,0,1,0,0,0,0,0,0,0,0,0,0,0,0,0
"DS486",0,0,0,0,0,0,0,1,0,0,0,0,0,0,0,0,1,0,0,0,0
"DS487",0,0,0,0,0,0,0,0,0,0,0,0,0,0,0,0,1,0,0,0,0
"DS488",1,0,1,0,0,0,0,1,0,0,0,0,0,0,0,0,0,0,0,0,1
"DS492",0,0,0,0,0,0,0,1,0,0,0,0,0,0,0,0,0,0,0,0,0
"DS493",0,0,1,0,0,0,0,1,0,0,0,0,0,0,0,0,0,0,0,0,0
"DS494",1,0,1,0,0,0,0,1,0,0,0,0,0,0,0,0,1,0,0,0,1
"DS495",0,0,0,0,0,0,0,1,0,0,0,0,0,0,1,0,0,0,0,0,0
"DS499",0,0,0,0,0,0,0,1,0,0,0,0,0,0,0,0,0,1,0,0,0
"DS502",0,0,0,0,0,0,0,1,0,0,0,0,0,0,0,0,0,0,0,0,0
"DS504",0,0,1,0,0,0,0,1,0,0,0,0,0,0,0,0,0,0,0,0,0
"DS505",0,0,0,0,0,0,0,1,0,0,0,0,0,0,0,0,1,0,0,0,0
"DS508",1,0,0,0,0,0,0,1,0,0,0,0,0,0,0,0,0,0,0,0,1
"DS509",1,0,0,0,0,0,0,1,0,0,0,0,0,0,0,0,0,0,0,0,1
"DS510",1,0,0,0,0,0,0,1,0,0,0,0,0,0,0,0,1,0,0,1,1
"DS511",0,1,0,0,0,0,0,0,0,0,0,0,0,0,0,0,0,0,0,0,0
"DS512",1,0,0,0,0,0,0,1,0,0,0,0,0,0,0,0,0,0,0,0,1
"DS513",0,0,1,0,0,0,0,1,0,1,0,0,0,0,0,0,0,0,0,0,0
"DS514",0,0,0,0,0,0,0,1,0,0,0,0,0,0,0,0,1,0,0,0,0
"DS515",0,0,1,0,0,0,0,1,0,0,0,0,0,0,0,0,0,0,0,0,0
"DS516",0,0,1,0,0,0,0,1,0,0,0,0,0,0,0,0,0,0,0,0,0
"DS517",1,0,0,0,0,0,0,1,0,0,0,0,0,0,0,0,0,0,0,0,1
"DS518",0,0,0,0,0,0,0,1,0,0,0,0,0,1,0,0,0,0,0,0,0
"DS519",0,0,0,0,0,0,0,1,0,0,0,0,0,0,0,0,1,0,0,0,0
"DS520",0,0,0,0,0,0,0,1,0,0,0,0,0,0,0,0,0,0,0,0,0
"DS523",0,0,0,0,0,0,0,1,0,0,0,0,0,0,0,0,1,0,0,0,0
"DS524",0,0,0,0,0,0,0,1,0,0,0,0,0,0,1,0,0,0,0,0,0
"DS525",1,0,0,0,0,0,0,1,0,1,0,0,0,0,1,1,0,1,0,0,1
